 ,Label,Area,Circ.,Feret,FeretX,FeretY,FeretAngle,MinFeret,AR,Round,Solidity
310,,0.001,0.755,0.053,5.605,3.912,70.017,0.036,1.296,0.772,0.883
638,Min,0.001,0.105,0.053,0.295,0.159,3.122,0.035,1.028,0.255,0.369
408,,0.001,0.686,0.057,5.024,4.72,61.39,0.035,1.629,0.614,0.819
5,,0.002,0.887,0.061,2.95,0.703,131.987,0.039,1.6,0.625,0.914
538,,0.001,0.547,0.061,4.261,5.886,167.005,0.044,1.225,0.817,0.69
217,,0.001,0.311,0.062,7.102,3.299,72.897,0.048,1.23,0.813,0.534
181,,0.002,0.447,0.064,5.31,3.059,98.13,0.054,1.183,0.845,0.675
637,SD,0.007,0.198,0.068,1.708,1.517,49.865,0.035,0.507,0.161,0.095
189,,0.002,0.581,0.073,5.795,3.127,21.801,0.039,1.989,0.503,0.761
349,,0.002,0.336,0.074,5.419,4.234,47.49,0.054,1.458,0.686,0.637
488,,0.004,0.745,0.087,7.724,5.274,27.897,0.065,1.299,0.77,0.834
562,,0.004,0.783,0.087,5.242,6.136,27.897,0.08,1.07,0.934,0.871
228,,0.003,0.112,0.093,7.084,3.349,168.69,0.064,1.294,0.773,0.569
125,,0.004,0.626,0.094,7.57,2.75,50.906,0.072,1.248,0.801,0.758
357,,0.005,0.843,0.094,4.92,4.28,165.964,0.074,1.255,0.797,0.893
403,,0.004,0.568,0.094,7.706,4.688,67.166,0.068,1.176,0.85,0.833
191,,0.005,0.855,0.096,7.638,3.141,8.13,0.075,1.215,0.823,0.911
534,,0.005,0.838,0.096,4.665,5.891,31.43,0.077,1.28,0.781,0.878
62,,0.004,0.537,0.098,6.122,2.133,103.392,0.062,1.581,0.633,0.84
416,,0.005,0.872,0.098,5.074,4.77,21.801,0.072,1.289,0.776,0.937
610,,0.006,0.851,0.098,4.33,6.885,56.31,0.09,1.044,0.958,0.925
42,,0.005,0.826,0.099,2.864,2.015,74.055,0.077,1.239,0.807,0.909
60,,0.005,0.825,0.099,2.569,2.183,15.945,0.065,1.539,0.65,0.919
365,,0.005,0.855,0.099,6.635,4.343,164.055,0.072,1.354,0.738,0.892
31,,0.005,0.696,0.1,5.274,1.924,50.528,0.08,1.228,0.814,0.871
168,,0.006,0.847,0.1,3.408,3.068,71.565,0.084,1.098,0.911,0.922
193,,0.005,0.741,0.1,4.384,3.172,43.152,0.073,1.345,0.744,0.893
231,,0.005,0.878,0.1,2.333,3.408,24.228,0.077,1.131,0.884,0.93
297,,0.005,0.805,0.1,7.556,3.839,39.472,0.074,1.219,0.82,0.92
494,,0.004,0.818,0.1,5.664,5.296,120.069,0.064,1.523,0.657,0.917
616,,0.005,0.685,0.1,4.248,6.989,84.806,0.077,1.332,0.751,0.839
30,,0.005,0.811,0.101,5.432,1.906,54.162,0.083,1.115,0.897,0.898
439,,0.004,0.382,0.101,6.644,4.87,97.765,0.073,1.408,0.71,0.825
4,,0.004,0.672,0.102,2.192,0.685,77.196,0.064,1.454,0.688,0.884
134,,0.006,0.818,0.102,2.85,2.764,147.724,0.08,1.131,0.884,0.923
295,,0.004,0.655,0.102,5.274,3.776,159.146,0.062,1.659,0.603,0.852
316,,0.004,0.743,0.102,6.78,3.976,57.724,0.064,1.544,0.648,0.882
458,,0.006,0.881,0.102,3.608,5.142,57.724,0.087,1.138,0.879,0.918
540,,0.005,0.742,0.102,5.532,6,69.146,0.077,1.171,0.854,0.863
21,,0.005,0.808,0.103,4.402,1.697,135,0.074,1.2,0.833,0.93
196,,0.003,0.388,0.103,6.1,3.131,127.875,0.059,2.243,0.446,0.684
406,,0.006,0.812,0.103,4.847,4.679,164.745,0.083,1.201,0.833,0.903
591,,0.006,0.775,0.103,3.662,6.499,127.875,0.081,1.161,0.861,0.918
75,,0.005,0.72,0.104,2.805,2.296,156.801,0.089,1.126,0.888,0.898
260,,0.004,0.686,0.104,6.862,3.495,151.189,0.063,1.622,0.617,0.885
396,,0.006,0.539,0.104,5.786,4.625,34.38,0.086,1.123,0.89,0.853
423,,0.006,0.821,0.104,5.886,4.842,66.801,0.081,1.106,0.904,0.909
122,,0.006,0.851,0.106,7.279,2.669,149.036,0.082,1.207,0.828,0.94
140,,0.005,0.871,0.106,6.345,2.787,149.036,0.073,1.399,0.715,0.937
176,,0.006,0.821,0.106,4.012,3.091,25.463,0.078,1.169,0.856,0.906
187,,0.006,0.73,0.106,3.535,3.086,129.806,0.081,1.102,0.907,0.887
188,,0.006,0.765,0.106,5.346,3.086,133.264,0.084,1.247,0.802,0.913
199,,0.006,0.434,0.106,5.074,3.145,109.983,0.087,1.217,0.822,0.799
248,,0.006,0.887,0.106,2.519,3.463,19.983,0.082,1.113,0.898,0.933
300,,0.005,0.765,0.106,7.434,3.894,30.964,0.082,1.223,0.818,0.889
319,,0.006,0.756,0.106,3.681,4.007,46.736,0.091,1.093,0.915,0.892
340,,0.006,0.852,0.106,7.742,4.089,115.463,0.091,1.028,0.973,0.907
481,,0.006,0.847,0.106,4.311,5.264,25.463,0.081,1.17,0.855,0.923
485,,0.007,0.844,0.106,5.832,5.237,149.036,0.095,1.144,0.874,0.904
523,,0.006,0.855,0.106,2.914,5.75,25.463,0.083,1.176,0.851,0.922
40,,0.005,0.606,0.107,4.475,2.01,53.616,0.077,1.364,0.733,0.832
211,,0.005,0.745,0.107,6.236,3.295,53.616,0.072,1.518,0.659,0.916
226,,0.007,0.763,0.107,7.62,3.295,102.265,0.089,1.256,0.796,0.907
270,,0.007,0.848,0.107,6.871,3.567,126.384,0.082,1.201,0.833,0.948
628,,0.006,0.843,0.107,5.487,7.239,36.384,0.083,1.207,0.828,0.92
32,,0.006,0.549,0.108,6.227,1.874,165.379,0.082,1.313,0.762,0.847
121,,0.005,0.326,0.108,6.948,2.659,152.354,0.078,1.6,0.625,0.73
143,,0.006,0.77,0.108,7.525,2.823,157.751,0.086,1.176,0.85,0.902
177,,0.006,0.86,0.108,4.198,3.122,67.751,0.075,1.426,0.701,0.921
249,,0.005,0.534,0.108,7.565,3.431,146.976,0.086,1.207,0.829,0.821
290,,0.005,0.669,0.108,5.691,3.717,152.354,0.08,1.384,0.723,0.886
431,,0.007,0.837,0.108,4.03,4.901,62.354,0.095,1.095,0.913,0.916
536,,0.007,0.82,0.108,3.004,5.891,14.621,0.086,1.2,0.834,0.934
601,,0.007,0.772,0.108,3.608,6.581,117.646,0.089,1.196,0.836,0.893
3,,0.006,0.69,0.109,2.519,0.495,177.614,0.077,1.42,0.704,0.848
19,,0.006,0.861,0.109,5.968,1.666,131.634,0.086,1.215,0.823,0.933
367,,0.006,0.738,0.109,5.201,4.325,138.366,0.09,1.048,0.954,0.884
108,,0.006,0.75,0.11,3.785,2.573,170.538,0.091,1.182,0.846,0.89
171,,0.006,0.789,0.11,4.561,2.982,119.745,0.075,1.49,0.671,0.895
205,,0.006,0.796,0.11,4.053,3.2,99.462,0.082,1.28,0.781,0.899
218,,0.006,0.837,0.11,7.289,3.245,119.745,0.082,1.294,0.773,0.917
233,,0.006,0.794,0.11,3.399,3.458,82.875,0.082,1.153,0.867,0.875
239,,0.007,0.785,0.11,2.142,3.472,65.556,0.082,1.214,0.824,0.923
264,,0.006,0.507,0.11,7.18,3.594,51.71,0.083,1.278,0.783,0.844
393,,0.006,0.776,0.11,5.378,4.634,65.556,0.088,1.206,0.829,0.89
493,,0.006,0.791,0.11,4.166,5.387,60.255,0.09,1.146,0.872,0.923
513,,0.006,0.748,0.11,3.304,5.578,150.255,0.086,1.261,0.793,0.903
593,,0.006,0.802,0.11,3.023,6.535,170.538,0.086,1.241,0.806,0.893
635,,0.006,0.626,0.11,5.496,7.865,97.125,0.085,1.284,0.779,0.845
23,,0.007,0.804,0.111,3.141,1.77,168.232,0.099,1.137,0.879,0.913
106,,0.007,0.808,0.111,2.836,2.519,145.008,0.091,1.169,0.856,0.928
141,,0.007,0.783,0.111,6.081,2.841,11.768,0.091,1.192,0.839,0.889
220,,0.004,0.31,0.111,5.746,3.277,101.768,0.075,1.709,0.585,0.679
240,,0.006,0.765,0.111,6.063,3.422,19.179,0.087,1.222,0.818,0.85
444,,0.006,0.792,0.111,5.845,4.892,101.768,0.082,1.23,0.813,0.912
600,,0.007,0.807,0.111,6.59,6.671,78.232,0.085,1.433,0.698,0.912
613,,0.007,0.73,0.111,4.584,6.862,101.768,0.097,1.073,0.932,0.895
14,,0.006,0.661,0.112,5.169,1.597,58.241,0.091,1.071,0.934,0.851
90,,0.006,0.684,0.112,6.063,2.473,75.964,0.076,1.524,0.656,0.841
111,,0.006,0.74,0.112,3.322,2.551,148.241,0.082,1.308,0.765,0.922
175,,0.007,0.634,0.112,6.299,3.063,14.036,0.092,1.299,0.77,0.848
182,,0.006,0.818,0.112,2.174,3.091,148.241,0.081,1.302,0.768,0.914
246,,0.005,0.413,0.112,5.596,3.404,104.036,0.068,1.556,0.643,0.825
362,,0.007,0.812,0.112,5.841,4.411,75.964,0.087,1.302,0.768,0.902
391,,0.007,0.813,0.112,3.19,4.52,111.371,0.091,1.141,0.877,0.912
430,,0.007,0.789,0.112,3.522,4.833,153.435,0.09,1.177,0.849,0.901
505,,0.006,0.805,0.112,3.29,5.437,158.629,0.086,1.283,0.78,0.907
570,,0.005,0.749,0.112,5.069,6.208,121.759,0.078,1.491,0.671,0.891
98,,0.007,0.863,0.113,2.551,2.528,36.87,0.091,1.144,0.874,0.932
432,,0.005,0.808,0.113,4.87,4.829,106.26,0.073,1.52,0.658,0.917
519,,0.005,0.751,0.113,5.051,5.628,130.101,0.074,1.412,0.708,0.913
626,,0.006,0.786,0.113,5.437,7.193,53.13,0.086,1.242,0.805,0.909
27,,0.007,0.827,0.114,4.08,1.815,151.39,0.095,1.131,0.884,0.927
37,,0.004,0.269,0.114,5.773,1.947,28.61,0.077,1.429,0.7,0.706
46,,0.007,0.805,0.114,3.218,2.01,4.574,0.09,1.268,0.789,0.894
158,,0.007,0.567,0.114,7.034,2.945,156.501,0.091,1.131,0.884,0.883
284,,0.006,0.451,0.114,7.239,3.658,113.499,0.077,1.516,0.66,0.819
81,,0.006,0.829,0.115,1.371,2.301,99.09,0.073,1.451,0.689,0.94
127,,0.004,0.312,0.115,6.476,2.796,71.565,0.066,1.836,0.545,0.689
184,,0.006,0.723,0.115,2.827,3.072,99.09,0.082,1.225,0.816,0.893
273,,0.006,0.781,0.115,8.164,3.653,18.435,0.073,1.657,0.603,0.91
510,,0.007,0.814,0.115,3.195,5.605,33.69,0.091,1.221,0.819,0.919
47,,0.007,0.834,0.116,5.569,1.965,120.579,0.083,1.389,0.72,0.913
58,,0.007,0.722,0.116,1.375,2.119,110.556,0.09,1.289,0.776,0.899
77,,0.007,0.796,0.116,3.027,2.301,159.444,0.091,1.244,0.804,0.914
85,,0.007,0.862,0.116,1.23,2.333,110.556,0.082,1.342,0.745,0.939
94,,0.007,0.851,0.116,4.261,2.41,110.556,0.09,1.231,0.813,0.918
210,,0.008,0.862,0.116,3.767,3.24,159.444,0.095,1.153,0.868,0.92
253,,0.008,0.839,0.116,3.449,3.472,149.421,0.095,1.13,0.885,0.944
360,,0.006,0.818,0.116,4.175,4.361,41.82,0.085,1.35,0.741,0.919
415,,0.007,0.818,0.116,3.994,4.82,69.444,0.079,1.428,0.7,0.93
422,,0.007,0.799,0.116,3.794,4.833,25.56,0.097,1.069,0.935,0.917
470,,0.007,0.823,0.116,3.122,5.11,128.66,0.083,1.452,0.689,0.916
486,,0.007,0.711,0.116,7.556,5.269,168.69,0.093,1.187,0.842,0.889
492,,0.007,0.834,0.116,6.83,5.278,149.421,0.095,1.191,0.84,0.923
529,,0.008,0.863,0.116,3.935,5.777,110.556,0.099,1.129,0.886,0.931
532,,0.007,0.81,0.116,5.954,5.8,115.56,0.092,1.044,0.958,0.905
551,,0.008,0.814,0.116,3.803,5.968,110.556,0.099,1.14,0.877,0.914
590,,0.008,0.732,0.116,5.205,6.512,128.66,0.106,1.048,0.954,0.91
112,,0.006,0.797,0.117,2.555,2.573,125.538,0.087,1.361,0.735,0.905
278,,0.007,0.668,0.117,4.193,3.717,54.462,0.084,1.27,0.788,0.876
387,,0.006,0.794,0.117,3.817,4.525,13.496,0.076,1.595,0.627,0.918
450,,0.008,0.835,0.117,4.711,4.956,144.462,0.095,1.147,0.871,0.932
611,,0.007,0.801,0.117,4.783,6.835,166.504,0.095,1.263,0.792,0.908
130,,0.007,0.728,0.118,3.231,2.705,122.471,0.08,1.492,0.67,0.891
150,,0.008,0.885,0.118,2.21,2.914,27.553,0.095,1.148,0.871,0.943
275,,0.008,0.705,0.118,6.712,3.712,57.529,0.095,1.199,0.834,0.902
281,,0.007,0.724,0.118,6.481,3.649,112.62,0.094,1.289,0.776,0.878
282,,0.004,0.635,0.118,6.953,3.758,67.38,0.068,1.759,0.569,0.761
304,,0.007,0.755,0.118,5.464,3.944,74.358,0.095,1.122,0.891,0.889
448,,0.008,0.764,0.118,7.402,5.033,67.38,0.085,1.412,0.708,0.925
546,,0.008,0.839,0.118,3.454,5.95,157.38,0.091,1.305,0.767,0.922
580,,0.007,0.82,0.118,3.15,6.34,157.38,0.083,1.41,0.709,0.926
8,,0.006,0.512,0.119,2.269,1.198,40.365,0.089,1.104,0.905,0.843
380,,0.004,0.261,0.119,7.992,4.452,139.635,0.085,1.356,0.737,0.614
399,,0.008,0.797,0.119,6.571,4.625,171.254,0.095,1.197,0.835,0.884
400,,0.007,0.837,0.119,2.328,4.697,81.254,0.086,1.363,0.734,0.923
473,,0.008,0.769,0.119,4.171,5.233,8.746,0.104,1.101,0.909,0.892
478,,0.007,0.777,0.119,5.564,5.26,40.365,0.091,1.148,0.871,0.894
497,,0.007,0.775,0.119,3.853,5.441,81.254,0.093,1.195,0.837,0.889
541,,0.005,0.659,0.119,4.116,5.932,162.255,0.075,1.604,0.623,0.89
569,,0.005,0.467,0.119,6.281,6.254,43.452,0.076,1.549,0.646,0.816
618,,0.007,0.811,0.119,4.098,6.935,162.255,0.091,1.195,0.837,0.916
9,,0.006,0.72,0.12,3.985,1.343,65.376,0.08,1.567,0.638,0.867
38,,0.008,0.822,0.12,3.004,1.897,142.696,0.092,1.294,0.773,0.915
84,,0.006,0.509,0.12,6.181,2.319,119.476,0.086,1.456,0.687,0.777
95,,0.008,0.798,0.12,2.768,2.423,142.696,0.097,1.094,0.914,0.912
114,,0.008,0.749,0.12,3.2,2.591,119.476,0.092,1.202,0.832,0.875
197,,0.008,0.78,0.12,5.537,3.172,150.524,0.099,1.145,0.874,0.895
298,,0.007,0.813,0.12,6.703,3.799,114.624,0.095,1.194,0.837,0.916
385,,0.007,0.729,0.12,5.886,4.488,150.524,0.082,1.456,0.687,0.853
477,,0.007,0.851,0.12,2.478,5.174,142.696,0.088,1.371,0.729,0.925
539,,0.006,0.757,0.12,6.866,5.886,127.304,0.086,1.485,0.673,0.885
33,,0.005,0.602,0.121,4.593,1.856,109.799,0.063,1.991,0.502,0.858
34,,0.008,0.634,0.121,5.001,1.892,145.713,0.1,1.13,0.885,0.874
144,,0.006,0.702,0.121,2.029,2.809,109.799,0.084,1.562,0.64,0.879
185,,0.007,0.766,0.121,7.207,3.082,109.799,0.086,1.401,0.714,0.92
286,,0.007,0.757,0.121,7.679,3.789,70.201,0.088,1.191,0.84,0.892
302,,0.008,0.506,0.121,3.83,3.867,167.005,0.097,1.31,0.763,0.863
308,,0.007,0.744,0.121,2.841,3.944,34.287,0.091,1.13,0.885,0.906
372,,0.006,0.702,0.121,5.7,4.434,12.995,0.07,1.884,0.531,0.878
373,,0.007,0.714,0.121,2.709,4.488,55.713,0.101,1.236,0.809,0.863
395,,0.006,0.74,0.121,2.038,4.611,12.995,0.078,1.497,0.668,0.896
544,,0.007,0.781,0.121,4.906,5.918,102.995,0.078,1.519,0.658,0.915
576,,0.008,0.814,0.121,7.275,6.286,109.799,0.1,1.23,0.813,0.878
57,,0.008,0.845,0.122,6.222,2.219,68.199,0.086,1.428,0.7,0.929
124,,0.006,0.745,0.122,4.629,2.777,58.671,0.089,1.355,0.738,0.898
236,,0.009,0.884,0.122,0.812,3.472,63.435,0.108,1.076,0.929,0.946
337,,0.008,0.804,0.122,4.615,4.075,153.435,0.099,1.045,0.957,0.907
342,,0.006,0.396,0.122,4.806,4.207,68.199,0.084,1.581,0.633,0.792
384,,0.007,0.862,0.122,2.855,4.457,153.435,0.086,1.367,0.732,0.938
401,,0.009,0.835,0.122,3.762,4.629,164.932,0.101,1.099,0.91,0.923
410,,0.005,0.301,0.122,4.956,4.761,21.801,0.085,1.868,0.535,0.624
433,,0.008,0.803,0.122,3.086,4.947,58.671,0.095,1.329,0.753,0.922
498,,0.004,0.205,0.122,6.712,5.396,15.068,0.071,1.861,0.537,0.701
555,,0.007,0.732,0.122,3.213,6.113,63.435,0.089,1.266,0.79,0.895
557,,0.007,0.524,0.122,6.73,6.045,153.435,0.094,1.321,0.757,0.82
63,,0.006,0.421,0.123,6.894,2.151,128.991,0.096,1.303,0.767,0.768
198,,0.008,0.875,0.123,6.721,3.141,107.103,0.095,1.219,0.82,0.931
219,,0.007,0.705,0.123,5.55,3.354,36.027,0.089,1.375,0.727,0.853
221,,0.008,0.857,0.123,1.865,3.281,141.009,0.095,1.163,0.86,0.937
293,,0.008,0.827,0.123,3.295,3.848,85.764,0.095,1.214,0.824,0.932
335,,0.008,0.857,0.123,4.089,4.044,128.991,0.087,1.361,0.735,0.935
554,,0.005,0.694,0.123,6.317,6.004,141.009,0.086,1.442,0.694,0.865
169,,0.007,0.771,0.124,5.133,3.045,23.749,0.083,1.503,0.665,0.902
383,,0.006,0.255,0.124,6.821,4.484,8.427,0.073,1.648,0.607,0.778
419,,0.008,0.84,0.124,3.64,4.738,113.749,0.096,1.355,0.738,0.919
426,,0.008,0.798,0.124,4.693,4.815,8.427,0.082,1.518,0.659,0.916
589,,0.007,0.855,0.124,3.526,6.494,151.557,0.086,1.377,0.726,0.94
70,,0.009,0.808,0.125,7.193,2.315,70.907,0.104,1.134,0.882,0.917
123,,0.006,0.705,0.125,2.514,2.669,109.093,0.08,1.562,0.64,0.887
156,,0.008,0.784,0.125,5.06,2.905,100.491,0.087,1.421,0.704,0.899
165,,0.008,0.818,0.125,6.458,2.968,123.111,0.092,1.327,0.754,0.916
251,,0.007,0.754,0.125,7.329,3.472,10.491,0.077,1.587,0.63,0.913
255,,0.009,0.836,0.125,2.691,3.581,79.509,0.095,1.283,0.779,0.925
361,,0.008,0.872,0.125,2.451,4.398,56.889,0.093,1.282,0.78,0.943
447,,0.008,0.748,0.125,5.718,5.038,70.907,0.097,1.076,0.929,0.865
451,,0.008,0.762,0.125,2.487,4.96,100.491,0.102,1.232,0.812,0.887
509,,0.006,0.649,0.125,4.584,5.519,19.093,0.083,1.466,0.682,0.86
560,,0.009,0.868,0.125,3.286,6.077,109.093,0.101,1.164,0.859,0.923
29,,0.008,0.804,0.126,3.49,1.838,149.744,0.092,1.33,0.752,0.915
52,,0.008,0.693,0.126,3.15,2.133,59.744,0.103,1.166,0.858,0.857
147,,0.008,0.471,0.126,6.463,2.85,127.694,0.091,1.402,0.713,0.809
238,,0.007,0.777,0.126,5.292,3.463,49.399,0.085,1.376,0.727,0.916
279,,0.007,0.737,0.126,0.803,3.703,21.038,0.083,1.434,0.697,0.909
334,,0.007,0.796,0.126,2.006,4.08,12.529,0.073,1.788,0.559,0.941
369,,0.007,0.639,0.126,4.343,4.398,25.641,0.097,1.279,0.782,0.865
442,,0.008,0.811,0.126,2.764,4.988,52.306,0.091,1.263,0.792,0.926
464,,0.01,0.852,0.126,6.127,5.078,111.038,0.109,1.076,0.929,0.93
526,,0.008,0.796,0.126,3.29,5.736,142.306,0.098,1.209,0.827,0.926
556,,0.009,0.824,0.126,5.028,6.013,142.306,0.101,1.085,0.921,0.925
579,,0.008,0.776,0.126,4.448,6.394,30.256,0.091,1.362,0.734,0.926
605,,0.007,0.788,0.126,5.215,6.721,40.601,0.09,1.303,0.768,0.927
627,,0.008,0.786,0.126,4.266,7.125,149.744,0.088,1.476,0.678,0.926
355,,0.009,0.773,0.127,3.44,4.352,75.466,0.103,1.12,0.893,0.909
358,,0.007,0.769,0.127,4.466,4.357,34.824,0.07,1.903,0.525,0.906
414,,0.007,0.656,0.127,7.656,4.792,14.534,0.091,1.238,0.808,0.877
535,,0.009,0.814,0.127,4.016,5.854,124.824,0.103,1.214,0.824,0.919
568,,0.005,0.234,0.127,7.075,6.295,85.914,0.077,1.554,0.644,0.604
592,,0.008,0.676,0.127,4.656,6.612,55.176,0.088,1.524,0.656,0.882
603,,0.007,0.733,0.127,3.417,6.735,75.466,0.077,1.691,0.591,0.907
633,,0.008,0.72,0.127,5.854,7.479,14.534,0.095,1.379,0.725,0.9
11,,0.007,0.674,0.128,1.634,1.411,135,0.086,1.466,0.682,0.877
53,,0.009,0.83,0.128,2.274,2.174,83.884,0.093,1.323,0.756,0.92
65,,0.007,0.824,0.128,3.395,2.224,27.474,0.08,1.651,0.606,0.92
93,,0.006,0.512,0.128,5.024,2.405,122.005,0.07,1.988,0.503,0.863
113,,0.008,0.405,0.128,5.954,2.632,8.13,0.106,1.121,0.892,0.797
117,,0.006,0.707,0.128,3.658,2.637,157.068,0.077,1.679,0.596,0.911
119,,0.002,0.12,0.128,3.871,2.646,6.116,0.046,3.565,0.281,0.369
164,,0.007,0.465,0.128,7.275,3.063,32.005,0.094,1.331,0.751,0.832
261,,0.007,0.776,0.128,2.001,3.504,147.995,0.082,1.431,0.699,0.934
306,,0.004,0.156,0.128,4.193,3.953,67.068,0.075,1.647,0.607,0.568
339,,0.008,0.751,0.128,4.252,4.062,112.932,0.101,1.283,0.78,0.89
462,,0.007,0.679,0.128,7.588,5.183,73.496,0.096,1.326,0.754,0.824
533,,0.009,0.823,0.128,3.408,5.873,171.87,0.106,1.234,0.81,0.91
18,,0.007,0.722,0.129,3.036,1.629,137.862,0.092,1.508,0.663,0.865
28,,0.009,0.673,0.129,5.546,1.911,42.138,0.099,1.291,0.775,0.91
78,,0.005,0.319,0.129,2.374,2.346,10.125,0.074,1.615,0.619,0.755
120,,0.007,0.743,0.129,4.407,2.75,71.565,0.087,1.377,0.726,0.869
162,,0.007,0.797,0.129,0.785,3.027,18.435,0.081,1.615,0.619,0.917
216,,0.007,0.339,0.129,5.909,3.249,132.138,0.106,1.28,0.781,0.719
350,,0.007,0.814,0.129,0.295,4.28,47.862,0.087,1.406,0.711,0.937
467,,0.007,0.737,0.129,2.605,5.097,129.289,0.079,1.605,0.623,0.906
504,,0.009,0.79,0.129,4.13,5.455,169.875,0.097,1.253,0.798,0.895
604,,0.009,0.632,0.129,4.906,6.662,169.875,0.093,1.307,0.765,0.884
259,,0.008,0.783,0.13,1.815,3.608,77.905,0.095,1.279,0.782,0.903
338,,0.008,0.691,0.13,3.69,4.062,150.751,0.102,1.123,0.89,0.9
343,,0.007,0.726,0.13,2.646,4.198,29.249,0.074,1.919,0.521,0.878
376,,0.009,0.872,0.13,3.603,4.407,102.095,0.098,1.213,0.825,0.926
564,,0.009,0.654,0.13,7.198,6.195,36.469,0.106,1.137,0.879,0.885
574,,0.008,0.807,0.13,3.985,6.39,60.751,0.089,1.454,0.688,0.922
17,,0.008,0.799,0.131,1.688,1.661,159.677,0.083,1.445,0.692,0.896
26,,0.01,0.827,0.131,2.619,1.938,75.964,0.112,1.104,0.906,0.933
157,,0.008,0.82,0.131,7.22,3.041,69.677,0.086,1.481,0.675,0.926
225,,0.006,0.703,0.131,6.78,3.34,14.036,0.064,2.055,0.487,0.898
227,,0.009,0.874,0.131,5.146,3.304,123.69,0.105,1.263,0.792,0.941
356,,0.006,0.496,0.131,7.938,4.234,123.69,0.074,1.793,0.558,0.866
420,,0.009,0.534,0.131,7.525,4.861,69.677,0.108,1.22,0.82,0.857
491,,0.007,0.71,0.131,8.101,5.369,75.964,0.076,1.826,0.548,0.885
548,,0.009,0.462,0.131,7.429,5.977,159.677,0.119,1.049,0.953,0.824
559,,0.009,0.79,0.131,6.617,6.14,56.31,0.106,1.172,0.853,0.91
566,,0.008,0.824,0.131,3.953,6.14,104.036,0.095,1.336,0.748,0.905
22,,0.009,0.693,0.132,1.715,1.761,164.055,0.106,1.19,0.84,0.892
54,,0.007,0.77,0.132,5.314,2.169,63.435,0.082,1.533,0.652,0.924
107,,0.006,0.663,0.132,2.973,2.514,130.815,0.063,1.969,0.508,0.893
296,,0.007,0.656,0.132,6.567,3.876,30.964,0.083,1.636,0.611,0.854
327,,0.009,0.815,0.132,3.912,3.976,139.185,0.097,1.376,0.727,0.924
351,,0.007,0.654,0.132,7.647,4.198,120.964,0.08,1.613,0.62,0.883
418,,0.007,0.573,0.132,7.257,4.783,164.055,0.085,1.651,0.606,0.882
471,,0.007,0.664,0.132,8.037,5.128,149.036,0.083,1.543,0.648,0.887
6,,0.006,0.456,0.133,2.156,0.989,51.953,0.091,1.284,0.779,0.803
195,,0.006,0.6,0.133,7.27,3.177,17.819,0.07,1.872,0.534,0.827
229,,0.007,0.711,0.133,0.912,3.331,125.311,0.083,1.515,0.66,0.899
341,,0.009,0.821,0.133,3.213,4.121,162.181,0.095,1.443,0.693,0.932
374,,0.005,0.507,0.133,6.494,4.47,38.047,0.067,2.202,0.454,0.815
480,,0.008,0.768,0.133,2.632,5.192,97.853,0.08,1.638,0.611,0.908
502,,0.008,0.722,0.133,4.275,5.392,141.953,0.1,1.302,0.768,0.865
515,,0.009,0.809,0.133,2.855,5.677,51.953,0.106,1.239,0.807,0.92
160,,0.009,0.804,0.134,2.496,3.063,61.699,0.108,1.114,0.897,0.927
180,,0.007,0.685,0.134,7.107,3.177,80.218,0.067,2.114,0.473,0.904
262,,0.009,0.578,0.134,2.741,3.572,168.311,0.103,1.298,0.771,0.83
291,,0.008,0.782,0.134,4.157,3.744,170.218,0.082,1.747,0.572,0.928
345,,0.008,0.754,0.134,5.069,4.261,78.311,0.1,1.286,0.778,0.838
489,,0.007,0.809,0.134,5.736,5.233,118.301,0.082,1.658,0.603,0.931
507,,0.008,0.818,0.134,3.127,5.505,28.301,0.09,1.45,0.69,0.925
609,,0.008,0.811,0.134,5.042,6.821,28.301,0.09,1.495,0.669,0.915
43,,0.006,0.58,0.135,4.797,2.015,39.56,0.074,1.84,0.544,0.832
80,,0.007,0.731,0.135,3.572,2.378,39.56,0.081,1.703,0.587,0.903
109,,0.007,0.273,0.135,4.57,2.619,39.56,0.098,1.225,0.816,0.73
173,,0.01,0.689,0.135,5.9,3.027,140.44,0.113,1.109,0.901,0.894
201,,0.008,0.747,0.135,7.702,3.268,50.44,0.09,1.493,0.67,0.917
208,,0.008,0.428,0.135,5.246,3.318,50.44,0.098,1.437,0.696,0.796
241,,0.008,0.776,0.135,1.992,3.381,140.44,0.085,1.62,0.617,0.919
318,,0.01,0.852,0.135,3.145,3.948,160.346,0.108,1.295,0.772,0.932
354,,0.008,0.778,0.135,7.202,4.221,109.654,0.09,1.42,0.704,0.903
490,,0.006,0.688,0.135,3.023,5.269,147.381,0.077,1.722,0.581,0.894
621,,0.009,0.816,0.135,4.066,7.152,76.43,0.091,1.423,0.703,0.936
394,,0.008,0.804,0.136,3.495,4.625,25.71,0.086,1.531,0.653,0.918
437,,0.009,0.815,0.136,2.564,4.888,143.13,0.095,1.334,0.75,0.93
487,,0.008,0.675,0.136,5.224,5.314,36.87,0.092,1.334,0.749,0.866
552,,0.009,0.623,0.136,5.174,6.041,25.71,0.092,1.549,0.646,0.864
200,,0.01,0.843,0.137,7.574,3.281,82.405,0.103,1.284,0.779,0.921
267,,0.008,0.804,0.137,3.29,3.672,74.578,0.082,1.631,0.613,0.944
288,,0.009,0.752,0.137,3.985,3.69,111.448,0.1,1.415,0.707,0.894
364,,0.008,0.708,0.137,6.453,4.316,95.711,0.082,1.67,0.599,0.892
424,,0.006,0.647,0.137,2.718,4.897,82.405,0.068,2.065,0.484,0.909
7,,0.006,0.664,0.138,3.445,0.989,23.199,0.065,2.235,0.447,0.9
142,,0.007,0.643,0.138,3.876,2.791,99.462,0.077,1.93,0.518,0.87
244,,0.008,0.735,0.138,6.399,3.395,117.408,0.089,1.618,0.618,0.885
321,,0.008,0.632,0.138,3.345,3.926,113.199,0.086,1.749,0.572,0.895
378,,0.009,0.756,0.138,2.219,4.42,138.991,0.094,1.486,0.673,0.898
465,,0.01,0.75,0.138,6.481,5.133,170.538,0.111,1.139,0.878,0.89
466,,0.01,0.865,0.138,6.258,5.092,99.462,0.109,1.198,0.834,0.925
520,,0.008,0.652,0.138,7.388,5.755,66.801,0.068,1.99,0.503,0.921
581,,0.009,0.805,0.138,5.346,6.34,131.009,0.097,1.414,0.707,0.921
595,,0.009,0.785,0.138,3.381,6.549,156.801,0.091,1.498,0.668,0.921
137,,0.01,0.636,0.139,4.693,2.864,31.608,0.109,1.157,0.864,0.914
161,,0.009,0.769,0.139,5.782,2.95,121.608,0.086,1.677,0.596,0.9
434,,0.01,0.834,0.139,3.867,4.956,58.392,0.1,1.341,0.746,0.937
632,,0.008,0.709,0.139,3.821,7.397,19.026,0.098,1.414,0.707,0.898
64,,0.007,0.662,0.14,0.93,2.147,114.905,0.073,2.076,0.482,0.846
167,,0.008,0.809,0.14,2.337,3.1,60.945,0.085,1.694,0.59,0.932
235,,0.009,0.821,0.14,5.877,3.476,54.246,0.09,1.559,0.641,0.912
250,,0.008,0.716,0.14,4.193,3.567,60.945,0.089,1.571,0.637,0.903
322,,0.008,0.659,0.14,6.853,3.953,144.246,0.096,1.486,0.673,0.915
390,,0.008,0.736,0.14,5.237,4.611,35.754,0.092,1.51,0.662,0.848
602,,0.009,0.694,0.14,4.175,6.581,114.905,0.098,1.257,0.796,0.891
624,,0.009,0.732,0.14,5.573,7.171,35.754,0.095,1.233,0.811,0.906
100,,0.01,0.811,0.141,4.402,2.582,56.821,0.103,1.363,0.734,0.916
132,,0.009,0.791,0.141,4.248,2.75,146.821,0.095,1.499,0.667,0.918
245,,0.008,0.63,0.141,4.339,3.404,110.772,0.109,1.188,0.842,0.791
324,,0.008,0.693,0.141,7.198,3.944,93.691,0.088,1.493,0.67,0.914
366,,0.011,0.86,0.141,2.796,4.407,14.931,0.109,1.18,0.847,0.947
129,,0.006,0.273,0.142,5.387,2.823,63.435,0.091,1.578,0.634,0.737
172,,0.011,0.663,0.142,5.473,3,129.806,0.113,1.236,0.809,0.902
174,,0.007,0.689,0.142,6.662,3.141,82.648,0.073,1.876,0.533,0.879
314,,0.009,0.731,0.142,2.101,3.98,39.806,0.1,1.358,0.736,0.908
315,,0.009,0.806,0.142,2.973,3.885,106.699,0.093,1.467,0.682,0.91
336,,0.009,0.788,0.142,2.16,4.189,73.301,0.088,1.652,0.605,0.929
68,,0.009,0.738,0.143,1.23,2.21,169.046,0.087,1.613,0.62,0.892
69,,0.006,0.383,0.143,6.508,2.183,100.954,0.071,2.439,0.41,0.759
73,,0.009,0.748,0.143,5.446,2.237,100.954,0.095,1.502,0.666,0.9
224,,0.009,0.81,0.143,3.953,3.295,127.235,0.104,1.291,0.775,0.948
266,,0.012,0.813,0.143,5.573,3.676,79.046,0.115,1.238,0.808,0.921
363,,0.01,0.848,0.143,4.752,4.425,37.235,0.103,1.352,0.74,0.931
375,,0.007,0.34,0.143,4.91,4.402,100.954,0.077,1.946,0.514,0.801
388,,0.008,0.69,0.143,2.655,4.547,170.838,0.095,1.476,0.678,0.88
389,,0.012,0.784,0.143,6.703,4.597,52.765,0.125,1.19,0.84,0.904
545,,0.008,0.653,0.143,5.691,6.059,79.046,0.086,1.603,0.624,0.878
254,,0.01,0.749,0.144,4.434,3.485,161.565,0.106,1.473,0.679,0.891
323,,0.01,0.731,0.144,4.865,4.016,12.724,0.103,1.385,0.722,0.866
333,,0.009,0.459,0.144,8.006,4.021,118.179,0.095,1.562,0.64,0.837
454,,0.008,0.558,0.144,3.499,5.087,55.305,0.085,1.668,0.6,0.861
474,,0.009,0.775,0.144,2.95,5.192,12.724,0.084,1.705,0.586,0.93
484,,0.009,0.808,0.144,2.233,5.228,151.821,0.096,1.433,0.698,0.928
499,,0.008,0.73,0.144,2.528,5.392,18.435,0.086,1.705,0.586,0.912
508,,0.011,0.79,0.144,2.628,5.559,55.305,0.116,1.146,0.873,0.91
567,,0.009,0.687,0.144,3.363,6.154,108.435,0.089,1.553,0.644,0.915
575,,0.009,0.648,0.144,3.286,6.281,118.179,0.101,1.303,0.768,0.844
44,,0.006,0.357,0.145,4.057,2.065,57.804,0.092,1.397,0.716,0.737
96,,0.009,0.649,0.145,6.494,2.56,75.53,0.09,1.613,0.62,0.861
103,,0.008,0.623,0.145,3.653,2.469,104.47,0.085,1.784,0.561,0.899
294,,0.008,0.727,0.145,8.251,3.73,110.136,0.079,1.913,0.523,0.914
514,,0.009,0.838,0.145,3.672,5.705,75.53,0.091,1.523,0.657,0.944
517,,0.009,0.742,0.145,3.013,5.691,48.814,0.083,1.851,0.54,0.899
577,,0.011,0.778,0.145,3.449,6.385,32.196,0.109,1.377,0.726,0.895
36,,0.008,0.649,0.146,2.709,1.883,106.189,0.095,1.511,0.662,0.885
45,,0.011,0.638,0.146,5.891,1.951,126.158,0.116,1.283,0.78,0.907
89,,0.008,0.708,0.146,3.708,2.364,115.769,0.076,2.049,0.488,0.906
91,,0.01,0.746,0.146,7.72,2.46,36.158,0.097,1.385,0.722,0.927
92,,0.009,0.772,0.146,3.118,2.387,115.769,0.085,1.74,0.575,0.904
232,,0.009,0.778,0.146,4.089,3.34,97.125,0.082,1.794,0.557,0.93
272,,0.008,0.703,0.146,7.311,3.585,126.158,0.072,2.179,0.459,0.897
328,,0.009,0.768,0.146,7.62,3.971,106.189,0.09,1.646,0.608,0.9
468,,0.008,0.715,0.146,0.708,5.115,143.842,0.088,1.82,0.549,0.873
67,,0.008,0.665,0.147,2.7,2.246,8.881,0.088,1.746,0.573,0.894
83,,0.009,0.775,0.147,5.482,2.41,33.69,0.092,1.59,0.629,0.923
99,,0.008,0.706,0.147,2.151,2.446,123.69,0.085,1.889,0.529,0.852
382,,0.009,0.685,0.147,5.174,4.561,56.31,0.085,1.813,0.552,0.831
612,,0.008,0.693,0.147,5.06,6.962,56.31,0.09,1.647,0.607,0.888
16,,0.009,0.718,0.148,3.281,1.579,113.429,0.08,1.883,0.531,0.921
20,,0.012,0.771,0.148,2.964,1.679,100.62,0.125,1.161,0.861,0.914
138,,0.009,0.463,0.148,5.028,2.891,45,0.107,1.278,0.783,0.791
299,,0.004,0.343,0.148,4.684,3.808,107.879,0.059,2.409,0.415,0.717
445,,0.011,0.778,0.148,5.541,4.979,27.35,0.103,1.266,0.79,0.933
521,,0.007,0.54,0.148,7.838,5.65,139.97,0.078,1.917,0.522,0.825
558,,0.007,0.637,0.148,3.449,6.131,42.51,0.077,1.862,0.537,0.89
2,,0.012,0.682,0.149,3.467,0.413,12.339,0.118,1.215,0.823,0.897
126,,0.007,0.66,0.149,7.107,2.8,52.431,0.068,2.397,0.417,0.891
280,,0.008,0.693,0.15,2.01,3.69,14.036,0.077,1.929,0.518,0.902
289,,0.01,0.668,0.15,7.947,3.767,5.194,0.102,1.492,0.67,0.884
511,,0.008,0.704,0.15,6.939,5.559,5.194,0.076,1.951,0.513,0.9
1,,0.008,0.515,0.151,3.78,0.159,8.616,0.085,1.916,0.522,0.817
230,,0.008,0.557,0.151,8.105,3.354,171.384,0.082,2.032,0.492,0.833
407,,0.014,0.826,0.151,3.177,4.67,158.839,0.132,1.101,0.908,0.927
435,,0.01,0.733,0.151,4.969,4.842,131.348,0.101,1.386,0.722,0.867
443,,0.01,0.686,0.151,2.151,4.96,8.616,0.099,1.582,0.632,0.894
549,,0.009,0.726,0.151,2.782,5.963,133.781,0.076,2.014,0.496,0.908
563,,0.007,0.631,0.151,3.635,6.095,122.735,0.071,2.182,0.458,0.887
594,,0.01,0.644,0.151,7.157,6.544,164.291,0.096,1.732,0.577,0.873
207,,0.01,0.825,0.152,3.631,3.34,63.435,0.1,1.443,0.693,0.943
409,,0.01,0.75,0.152,3.476,4.765,26.565,0.105,1.369,0.73,0.906
506,,0.009,0.738,0.152,7.075,5.405,116.565,0.082,1.883,0.531,0.923
584,,0.011,0.727,0.152,3.776,6.499,51.072,0.099,1.648,0.607,0.878
428,,0.009,0.684,0.153,2.165,4.856,30.379,0.095,1.513,0.661,0.902
597,,0.007,0.495,0.153,6.036,6.535,112.751,0.075,1.843,0.543,0.818
615,,0.012,0.776,0.153,4.924,6.885,101.976,0.106,1.475,0.678,0.923
128,,0.008,0.603,0.154,4.484,2.7,114.305,0.074,2.078,0.481,0.874
283,,0.011,0.804,0.154,6.83,3.653,114.305,0.106,1.438,0.696,0.926
303,,0.011,0.617,0.154,7.72,3.971,76.373,0.112,1.455,0.687,0.845
460,,0.012,0.732,0.154,4.792,5.16,47.386,0.122,1.252,0.799,0.889
222,,0.009,0.713,0.155,2.841,3.29,127.875,0.084,1.871,0.534,0.912
411,,0.011,0.719,0.155,2.337,4.706,121.827,0.121,1.265,0.79,0.9
56,,0.011,0.784,0.156,3.29,2.165,35.538,0.101,1.533,0.652,0.923
61,,0.011,0.813,0.156,4.112,2.147,144.462,0.106,1.472,0.68,0.937
214,,0.008,0.69,0.156,3.154,3.227,98.366,0.081,1.924,0.52,0.891
500,,0.011,0.701,0.156,2.923,5.355,150.461,0.106,1.46,0.685,0.909
630,,0.014,0.825,0.156,4.543,7.27,144.462,0.132,1.124,0.89,0.937
634,,0.012,0.72,0.156,5.764,7.706,163.142,0.119,1.135,0.881,0.883
186,,0.008,0.316,0.157,8.042,3.145,10.008,0.082,2.203,0.454,0.801
476,,0.006,0.523,0.157,3.517,5.165,100.008,0.066,2.802,0.357,0.841
87,,0.008,0.622,0.158,4.543,2.46,39.174,0.075,2.187,0.457,0.884
159,,0.009,0.694,0.158,7.506,3.091,71.565,0.086,1.702,0.587,0.891
425,,0.007,0.608,0.158,4.252,4.788,152.7,0.074,2.264,0.442,0.869
530,,0.011,0.601,0.158,4.974,5.868,161.565,0.121,1.196,0.836,0.871
620,,0.012,0.701,0.158,4.96,7.084,18.435,0.115,1.391,0.719,0.899
183,,0.01,0.77,0.159,4.525,3.068,103.241,0.104,1.483,0.674,0.928
192,,0.01,0.685,0.159,2.469,3.19,23.629,0.1,1.477,0.677,0.865
456,,0.01,0.706,0.159,5.056,5.001,103.241,0.096,1.693,0.591,0.898
479,,0.009,0.484,0.159,4.67,5.255,23.629,0.082,1.866,0.536,0.889
543,,0.011,0.773,0.159,3.104,5.995,13.241,0.097,1.603,0.624,0.916
578,,0.011,0.787,0.159,5.137,6.381,23.629,0.095,1.547,0.646,0.923
608,,0.009,0.691,0.159,4.938,6.862,53.13,0.093,1.77,0.565,0.913
292,,0.007,0.603,0.16,1.475,3.744,145.408,0.066,2.582,0.387,0.87
636,Mean,0.011,0.629,0.16,4.615,4.123,90.615,0.102,1.627,0.662,0.848
313,,0.01,0.699,0.161,7.456,3.962,32.347,0.075,2.192,0.456,0.921
370,,0.012,0.72,0.161,7.443,4.466,57.653,0.11,1.512,0.661,0.922
446,,0.01,0.639,0.161,6.027,5.069,68.499,0.081,2.006,0.498,0.888
516,,0.011,0.706,0.161,3.481,5.569,132.709,0.104,1.5,0.666,0.91
359,,0.013,0.74,0.162,5.051,4.28,128.157,0.128,1.207,0.829,0.881
463,,0.01,0.736,0.162,3.218,5.174,38.157,0.09,1.786,0.56,0.921
15,,0.011,0.542,0.163,3.481,1.566,112.989,0.105,1.594,0.627,0.857
413,,0.011,0.758,0.163,3.041,4.747,167.125,0.086,1.964,0.509,0.938
531,,0.011,0.64,0.163,7.348,5.795,112.989,0.102,1.717,0.582,0.88
582,,0.012,0.744,0.163,4.139,6.508,77.125,0.106,1.611,0.621,0.902
528,,0.011,0.741,0.164,5.165,5.755,94.764,0.1,1.676,0.597,0.918
242,,0.01,0.584,0.165,7.089,3.522,52.815,0.084,1.853,0.54,0.881
550,,0.008,0.578,0.165,6.431,6.095,52.815,0.081,2.234,0.448,0.861
417,,0.013,0.792,0.166,6.517,4.797,11.004,0.107,1.574,0.635,0.937
449,,0.01,0.72,0.166,3.998,4.956,124.992,0.095,1.55,0.645,0.92
301,,0.008,0.572,0.167,2.723,3.962,57.171,0.087,2.209,0.453,0.889
325,,0.01,0.65,0.167,2.882,3.957,107.447,0.094,1.881,0.532,0.891
412,,0.01,0.19,0.167,6.762,4.711,150.642,0.126,1.27,0.787,0.662
397,,0.013,0.78,0.168,2.469,4.588,161.075,0.122,1.26,0.793,0.939
331,,0.009,0.6,0.171,3.209,4.03,154.799,0.083,2.274,0.44,0.856
353,,0.011,0.555,0.172,3.177,4.216,142.524,0.098,1.815,0.551,0.866
146,,0.013,0.664,0.173,5.342,2.927,29.932,0.124,1.451,0.689,0.884
312,,0.013,0.466,0.173,6.535,3.98,13.671,0.13,1.526,0.655,0.782
194,,0.012,0.585,0.174,5.187,3.277,74.876,0.109,1.379,0.725,0.853
625,,0.012,0.709,0.174,4.502,7.261,74.876,0.111,1.451,0.689,0.863
347,,0.013,0.619,0.175,3.34,4.302,53.427,0.099,1.835,0.545,0.865
599,,0.011,0.606,0.175,4.071,6.73,68.749,0.094,1.782,0.561,0.881
24,,0.009,0.416,0.177,5.854,1.793,131.878,0.081,2.316,0.432,0.742
151,,0.012,0.733,0.177,2.673,2.864,133.958,0.096,1.848,0.541,0.933
66,,0.012,0.658,0.178,7.688,2.296,52.253,0.104,1.635,0.612,0.889
88,,0.009,0.623,0.179,2.9,2.378,149.534,0.079,2.316,0.432,0.892
145,,0.009,0.328,0.18,5.165,2.954,47.045,0.108,2.065,0.484,0.617
386,,0.013,0.729,0.18,2.995,4.497,130.914,0.108,1.786,0.56,0.913
436,,0.015,0.575,0.18,4.375,4.879,137.045,0.129,1.246,0.803,0.86
455,,0.009,0.604,0.18,2.537,5.115,33.69,0.09,2.319,0.431,0.86
13,,0.008,0.503,0.181,5.024,1.452,112.068,0.075,2.436,0.41,0.797
429,,0.013,0.71,0.181,5.174,4.779,112.068,0.114,1.566,0.639,0.881
461,,0.014,0.559,0.181,4.134,5.228,67.932,0.12,1.764,0.567,0.833
619,,0.012,0.642,0.181,5.296,7.107,38.884,0.096,2.004,0.499,0.895
441,,0.009,0.249,0.183,6.213,4.883,116.565,0.109,1.801,0.555,0.644
483,,0.013,0.716,0.183,2.728,5.205,113.385,0.113,1.654,0.604,0.916
607,,0.01,0.525,0.183,7.007,6.694,153.435,0.11,1.707,0.586,0.82
617,,0.014,0.738,0.184,4.352,7.053,52.001,0.125,1.377,0.726,0.914
12,,0.016,0.76,0.185,4.37,1.47,162.897,0.113,1.645,0.608,0.941
257,,0.01,0.518,0.185,0.585,3.508,155.323,0.085,2.759,0.362,0.756
202,,0.012,0.583,0.187,7.452,3.168,104.036,0.081,2.512,0.398,0.904
252,,0.012,0.493,0.187,7.502,3.445,108.435,0.103,2.157,0.464,0.809
263,,0.014,0.24,0.187,5.215,3.508,131.055,0.136,1.466,0.682,0.767
136,,0.013,0.502,0.188,4.166,2.75,98.326,0.102,2.331,0.429,0.767
457,,0.013,0.69,0.188,4.398,5.183,57.848,0.108,1.857,0.539,0.872
622,,0.014,0.698,0.188,4.851,7.025,105.376,0.105,1.739,0.575,0.916
404,,0.015,0.536,0.191,2.641,4.715,22.306,0.121,1.699,0.589,0.829
553,,0.014,0.767,0.192,3.98,6.018,166.293,0.109,1.698,0.589,0.933
307,,0.007,0.435,0.194,5.759,3.853,142.595,0.06,3.916,0.255,0.763
39,,0.014,0.462,0.195,5.337,1.979,12.095,0.118,2.231,0.448,0.737
381,,0.013,0.498,0.196,2.473,4.479,173.367,0.101,2.232,0.448,0.861
105,,0.011,0.301,0.197,4.752,2.691,82.057,0.108,2.267,0.441,0.668
49,,0.013,0.419,0.2,4.91,2.128,39.472,0.105,1.975,0.506,0.779
606,,0.013,0.315,0.2,3.662,6.835,76.908,0.117,1.961,0.51,0.679
565,,0.015,0.344,0.201,6.789,6.131,104.349,0.142,1.594,0.627,0.733
243,,0.013,0.436,0.202,3.885,3.567,54.162,0.117,2.2,0.455,0.743
317,,0.014,0.354,0.202,4.012,3.985,170.961,0.124,1.898,0.527,0.747
153,,0.014,0.487,0.203,6.222,3.009,38.66,0.121,1.93,0.518,0.775
269,,0.014,0.408,0.203,6.313,3.567,139.538,0.129,1.823,0.549,0.793
305,,0.018,0.437,0.203,2.26,4.021,51.34,0.147,1.338,0.747,0.774
71,,0.021,0.486,0.204,6.612,2.251,147.724,0.159,1.307,0.765,0.825
309,,0.016,0.298,0.204,5.169,3.971,20.854,0.133,1.857,0.538,0.695
453,,0.013,0.346,0.204,2.986,4.997,168.44,0.116,2.141,0.467,0.695
102,,0.015,0.532,0.205,3.436,2.469,125.096,0.118,2.127,0.47,0.768
154,,0.013,0.379,0.205,3.998,2.932,161.966,0.101,2.441,0.41,0.717
623,,0.016,0.527,0.206,3.876,7.175,41.424,0.141,1.57,0.637,0.803
104,,0.015,0.294,0.207,6.576,2.646,28.811,0.16,1.464,0.683,0.675
561,,0.023,0.797,0.207,4.833,6.213,23.199,0.154,1.318,0.758,0.943
10,,0.014,0.488,0.208,5.042,1.384,163.54,0.115,2.493,0.401,0.751
268,,0.012,0.318,0.208,2.809,3.676,20.41,0.128,2.333,0.429,0.608
148,,0.016,0.373,0.209,3.145,3.018,60.101,0.151,1.675,0.597,0.723
496,,0.015,0.377,0.209,4.425,5.51,65.659,0.109,2.225,0.449,0.752
503,,0.018,0.614,0.209,7.475,5.392,130.601,0.137,1.484,0.674,0.915
524,,0.019,0.521,0.212,3.118,5.859,54.605,0.123,1.85,0.541,0.881
588,,0.02,0.372,0.212,3.966,6.63,80.134,0.176,1.33,0.752,0.736
247,,0.017,0.343,0.213,6.517,3.413,116.565,0.131,1.872,0.534,0.713
398,,0.013,0.364,0.213,5.959,4.743,51.911,0.111,2.31,0.433,0.694
320,,0.014,0.409,0.214,5.5,4.121,68.875,0.107,2.289,0.437,0.794
326,,0.015,0.443,0.215,3.072,3.966,114.944,0.106,2.336,0.428,0.815
631,,0.026,0.77,0.216,5.482,7.466,59.657,0.186,1.163,0.86,0.943
405,,0.015,0.479,0.218,2.809,4.724,12.011,0.11,2.465,0.406,0.788
152,,0.021,0.571,0.22,2.796,2.868,150.255,0.145,1.66,0.602,0.861
203,,0.017,0.391,0.22,1.933,3.272,8.297,0.151,1.858,0.538,0.668
271,,0.019,0.366,0.22,7.034,3.594,122.381,0.151,1.797,0.557,0.748
421,,0.018,0.61,0.22,2.877,4.747,104.323,0.132,1.925,0.52,0.898
427,,0.013,0.409,0.22,2.959,4.983,68.199,0.108,2.755,0.363,0.741
472,,0.012,0.322,0.223,6.363,5.16,159.717,0.105,2.555,0.391,0.726
482,,0.013,0.286,0.223,7.338,5.233,156.038,0.107,2.448,0.408,0.673
440,,0.014,0.288,0.224,5.301,4.874,95.826,0.12,2.555,0.391,0.721
163,,0.013,0.378,0.225,2.591,2.959,115.017,0.1,2.91,0.344,0.677
586,,0.018,0.497,0.225,6.662,6.49,14.036,0.129,1.946,0.514,0.796
344,,0.013,0.448,0.226,3.848,4.107,128.48,0.095,3.045,0.328,0.73
25,,0.024,0.412,0.228,5.995,1.92,20.956,0.166,1.489,0.672,0.766
178,,0.015,0.43,0.23,4.969,3.245,67.989,0.103,2.889,0.346,0.705
101,,0.018,0.425,0.231,6.349,2.464,118.072,0.13,2.196,0.455,0.796
330,,0.015,0.483,0.231,3.032,4.021,101.31,0.107,2.392,0.418,0.818
522,,0.022,0.246,0.231,4.153,5.895,78.69,0.176,1.478,0.677,0.698
72,,0.02,0.293,0.234,4.293,2.305,155.925,0.173,1.568,0.638,0.658
51,,0.016,0.394,0.236,2.455,2.065,11.094,0.097,2.774,0.361,0.804
133,,0.015,0.387,0.236,2.324,2.741,127.972,0.098,2.891,0.346,0.749
74,,0.017,0.474,0.238,2.564,2.278,133.452,0.107,2.814,0.355,0.764
170,,0.02,0.442,0.238,3.617,3.154,46.548,0.134,2.005,0.499,0.767
118,,0.017,0.355,0.241,4.842,2.614,125.789,0.11,2.507,0.399,0.79
76,,0.016,0.498,0.243,3.272,2.26,97.524,0.118,2.588,0.386,0.781
495,,0.019,0.577,0.243,4.525,5.392,17.418,0.125,2.102,0.476,0.857
135,,0.017,0.253,0.244,5.755,2.877,31.329,0.162,1.556,0.643,0.619
525,,0.02,0.616,0.244,5.255,5.696,125.166,0.132,1.929,0.518,0.883
379,,0.017,0.455,0.245,6.045,4.516,176.82,0.107,2.552,0.392,0.825
50,,0.018,0.328,0.246,4.543,1.997,127.504,0.126,2.516,0.397,0.712
598,,0.017,0.464,0.246,3.767,6.567,119.876,0.102,2.902,0.345,0.752
97,,0.017,0.368,0.25,4.039,2.61,43.531,0.122,2.569,0.389,0.725
371,,0.018,0.394,0.25,3.027,4.434,3.122,0.126,2.233,0.448,0.695
215,,0.02,0.422,0.252,4.402,3.249,127.694,0.161,1.854,0.539,0.71
596,,0.024,0.24,0.253,6.78,6.689,17.784,0.191,1.411,0.709,0.68
587,,0.022,0.412,0.255,3.281,6.621,58.861,0.146,1.991,0.502,0.76
190,,0.013,0.105,0.256,5.841,3.277,27.474,0.152,1.752,0.571,0.466
204,,0.025,0.343,0.256,7.738,3.372,29.745,0.16,1.774,0.564,0.724
256,,0.022,0.339,0.256,5.314,3.481,173.884,0.177,1.433,0.698,0.732
583,,0.021,0.466,0.257,4.779,6.381,122.005,0.133,2.065,0.484,0.803
213,,0.027,0.295,0.26,5.428,3.476,77.905,0.183,1.619,0.618,0.752
234,,0.025,0.235,0.261,6.662,3.404,172.999,0.216,1.472,0.679,0.642
346,,0.023,0.365,0.263,2.85,4.143,132.207,0.163,1.946,0.514,0.721
79,,0.02,0.346,0.264,3.458,2.278,116.565,0.157,2.003,0.499,0.757
352,,0.02,0.308,0.265,2.551,4.212,149.036,0.131,2.423,0.413,0.736
209,,0.018,0.428,0.268,3.358,3.263,161.259,0.116,2.718,0.368,0.76
547,,0.014,0.323,0.27,6.853,6.113,36.098,0.085,3.656,0.274,0.759
614,,0.02,0.235,0.27,4.606,7.107,63.004,0.15,2.132,0.469,0.702
212,,0.019,0.383,0.271,4.529,3.222,110.556,0.124,2.51,0.398,0.74
572,,0.021,0.397,0.271,3.581,6.358,22.694,0.124,2.637,0.379,0.768
277,,0.026,0.294,0.272,5.482,3.73,23.575,0.204,1.311,0.763,0.694
392,,0.026,0.488,0.274,6.812,4.606,163.664,0.153,1.988,0.503,0.801
501,,0.017,0.436,0.276,3.413,5.528,36.304,0.099,3.36,0.298,0.794
139,,0.02,0.37,0.281,3.476,2.877,10.222,0.128,2.513,0.398,0.718
629,,0.026,0.528,0.281,5.655,7.266,169.778,0.168,1.929,0.519,0.823
55,,0.028,0.276,0.284,3.753,2.274,24.52,0.233,1.206,0.829,0.618
155,,0.029,0.36,0.284,3.867,3.177,77.074,0.197,1.47,0.68,0.716
469,,0.033,0.262,0.292,3.699,5.101,101.659,0.242,1.217,0.822,0.655
223,,0.022,0.303,0.293,2.986,3.299,111.801,0.143,2.826,0.354,0.677
258,,0.031,0.316,0.294,5.904,3.526,155.41,0.195,1.487,0.672,0.737
149,,0.027,0.14,0.296,4.302,3.113,49.97,0.248,1.156,0.865,0.527
348,,0.029,0.278,0.296,3.98,4.157,174.726,0.206,1.707,0.586,0.664
41,,0.026,0.281,0.297,4.656,1.947,145.582,0.167,2.137,0.468,0.677
265,,0.032,0.281,0.298,2.36,3.703,8.746,0.217,1.481,0.675,0.682
166,,0.022,0.282,0.305,1.552,3.023,146.547,0.165,2.598,0.385,0.581
571,,0.023,0.427,0.311,5.328,6.245,146.31,0.122,3.084,0.324,0.787
438,,0.028,0.294,0.312,4.112,4.906,132.049,0.157,2.581,0.387,0.706
368,,0.028,0.253,0.314,3.299,4.643,85.03,0.216,1.473,0.679,0.625
206,,0.026,0.387,0.318,2.351,3.286,9.866,0.136,2.746,0.364,0.747
274,,0.028,0.318,0.318,3.059,3.917,86.73,0.162,2.376,0.421,0.718
237,,0.025,0.257,0.319,3.535,3.472,14.826,0.193,1.801,0.555,0.62
285,,0.025,0.264,0.325,3.667,3.835,28.355,0.135,3.109,0.322,0.716
537,,0.021,0.425,0.325,3.853,5.864,120.141,0.105,3.869,0.258,0.808
311,,0.032,0.278,0.327,2.569,3.912,150.945,0.209,2.032,0.492,0.685
518,,0.026,0.239,0.329,7.03,5.605,129.401,0.17,2.456,0.407,0.584
459,,0.025,0.32,0.332,4.525,5.323,57.829,0.128,3.389,0.295,0.726
402,,0.025,0.312,0.339,6.118,4.929,82.304,0.136,3.228,0.31,0.698
585,,0.029,0.302,0.34,4.402,6.531,16.26,0.126,3.315,0.302,0.748
110,,0.03,0.231,0.343,2.728,2.519,101.459,0.185,2.201,0.454,0.618
512,,0.026,0.184,0.343,5.696,5.864,62.418,0.195,2.195,0.456,0.563
48,,0.025,0.223,0.353,6.322,1.983,98.13,0.149,2.774,0.36,0.632
131,,0.041,0.199,0.358,6.635,2.714,120.466,0.213,1.853,0.54,0.712
377,,0.036,0.185,0.363,5.078,4.42,115.925,0.256,1.64,0.61,0.541
452,,0.038,0.224,0.363,2.705,5.001,159.528,0.213,1.892,0.529,0.696
329,,0.042,0.255,0.37,2.237,4.307,59.036,0.234,1.88,0.532,0.641
475,,0.048,0.332,0.371,3.159,5.387,35.049,0.235,1.6,0.625,0.747
179,,0.03,0.155,0.373,6.726,3.063,159.362,0.197,2.188,0.457,0.559
573,,0.032,0.251,0.373,4.888,6.267,145.923,0.175,2.435,0.411,0.677
35,,0.048,0.167,0.389,4.175,2.088,168.559,0.331,1.031,0.97,0.552
287,,0.046,0.167,0.396,3.377,3.699,129.89,0.246,1.783,0.561,0.659
86,,0.034,0.28,0.401,6.104,2.664,52.352,0.148,3.467,0.288,0.722
276,,0.04,0.355,0.406,2.437,3.853,36.357,0.166,3.009,0.332,0.719
527,,0.044,0.148,0.412,6.458,5.805,172.405,0.25,1.721,0.581,0.618
115,,0.033,0.236,0.417,3.971,2.9,43.238,0.171,3.206,0.312,0.634
116,,0.034,0.264,0.425,3.322,2.664,166.409,0.159,3.424,0.292,0.667
542,,0.033,0.21,0.435,3.594,5.913,129.5,0.17,3.57,0.28,0.59
332,,0.045,0.175,0.457,3.454,4.044,127.326,0.216,2.654,0.377,0.555
82,,0.034,0.175,0.464,3.812,2.369,4.485,0.153,3.786,0.264,0.64
59,,0.05,0.141,0.504,4.706,2.337,24.487,0.233,2.644,0.378,0.581
639,Max,0.05,0.887,0.504,8.251,7.865,177.614,0.331,3.916,0.973,0.948
